<?xml version="1.0" encoding="UTF-8" standalone="yes"?>
<addon id="plugin.program.Pans" name="[COLORblue]Pans Wizard[/COLOR]" version="1.0.0" provider-name="[COLORblue]Pans Wizard[/COLOR]">
  <requires>
    <import addon="xbmc.python" version="2.1.0"/>
  </requires>
  <extension point="xbmc.python.pluginsource" library="default.py">
        <provides>executable</provides>
  </extension>
  <extension point="xbmc.service" library="startup.py" start="startup" />
  <extension point="xbmc.addon.metadata">
    <summary lang="en">[COLORblue]Pans Wizard[/COLOR]</summary>
    <description lang="en">[COLORblue]Pans Wizard[/COLOR] allows you to get access to the latest [COLORblue]Pans Wizard [/COLOR] Builds.</description>
    <platform>all</platform>
  </extension>
</addon>
